time,CPI,wage,return of equity,10 year,3 month
1980/2/15,0.012820513,0.005996664,12.04184362,11.093,14.63
1980/3/15,0.013924051,0.005423091,3.434113968,12.109,14.35
1980/4/15,0.009987516,-0.000267463,-2.993333333,12.01,10.68
1980/5/15,0.009888752,0.005350693,9.280021531,10.737,7.94
1980/6/15,0.009791922,0.008072027,10.77560212,9.179,8.15
1980/7/15,0.001212121,0.015706806,9.334897075,8.955,8.4
1980/8/15,0.007263923,0.011175604,10.6941956,9.388,10.12
1980/9/15,0.008413462,0.014693283,6.195266892,11.271,11.5
1980/10/15,0.009535161,0.020475366,9.011353162,11.414,13.22
1980/11/15,0.010625738,0.01150091,6.642399119,11.862,14.65
1980/12/15,0.009345794,0.011451943,11.31137012,12.935,14.11
1981/1/15,0.009259259,0.004690659,3.913225712,12.591,14.78
1981/2/15,0.009174312,0.006761652,-1.258856806,12.895,14.37
1981/3/15,0.006818182,0.009754537,9.168595855,13.437,12.45
1981/4/15,0.005643341,0.002256711,8.474283766,13.09,14.36
1981/5/15,0.006734007,0.007228916,2.290932855,13.743,15.92
1981/6/15,0.008918618,0.009098753,4.876425558,13.728,14.12
1981/7/15,0.011049724,0.020715119,3.296192886,14.15,15.23
1981/8/15,0.007650273,0.009633324,5.897121831,14.834,15.58
1981/9/15,0.009761388,0.005204405,-0.017351318,15.276,14.1
1981/10/15,0.003222342,0.001538231,1.091516827,15.535,13.05
1981/11/15,0.004282655,0.006330774,11.72131192,14.646,10.2
1981/12/15,0.003198294,0.002419595,7.11979066,13.595,11.64
1982/1/15,0.003188098,0.002896506,2.914773989,14.188,12.77
1982/2/15,0.003177966,0.007109268,1.957711138,14.485,12.16
1982/3/15,0,0.001728005,2.244788589,14.028,13.44
1982/4/15,0.003167899,0.007340527,6.453616627,14.216,12.36
1982/5/15,0.009473684,0.005793194,8.544011776,14.113,11.54
1982/6/15,0.011470282,0.003658757,1.808252718,13.867,12.75
1982/7/15,0.005154639,0.006785534,3.670616046,14.202,10.25
1982/8/15,0.002051282,0.00426615,6.508367216,13.493,8.42
1982/9/15,0,0.002570235,14.25614792,13.026,7.56
1982/10/15,0.004094166,0.005839416,8.765877378,12.391,7.86
1982/11/15,-0.001019368,0.006938299,16.08829548,11.821,8.18
1982/12/15,-0.003061224,0.00689049,7.259055141,10.643,7.9
1983/1/15,0.002047083,0.002513879,4.616066897,10.364,8.1
1983/2/15,0.00102145,0.00243792,8.069598092,10.667,7.88
1983/3/15,0.001020408,0.006079978,10.06001119,10.45,8.61
1983/4/15,0.007135576,0.005007252,5.908579003,10.704,8.07
1983/5/15,0.004048583,0.009243033,10.28195607,10.469,8.56
1983/6/15,0.002016129,0.003779109,4.61142064,10.519,8.84
1983/7/15,0.004024145,0.008716888,8.112642264,10.63,9.25
1983/8/15,0.003006012,0.004068594,0.352745249,11.18,9.28
1983/9/15,0.002997003,0.009041894,5.741518144,11.927,8.75
1983/10/15,0.003984064,0.011317248,5.265976375,11.571,8.46
1983/11/15,0.00297619,0.009484117,3.067225573,11.728,8.47
1983/12/15,0.002967359,0.009590065,6.291627964,11.659,8.95
1984/1/15,0.006903353,0.008210974,3.673006787,11.779,8.88
1984/2/15,0.00489716,0.012647312,3.402163948,11.677,9.13
1984/3/15,0.002923977,0.009398556,1.934129286,11.959,9.7
1984/4/15,0.003887269,0.010279644,4.587248246,12.279,9.72
1984/5/15,0.001936108,0.003525701,6.972068616,12.467,9.74
1984/6/15,0.001932367,0.009399655,-0.270188026,13.479,9.9
1984/7/15,0.003857281,0.006045248,4.943897155,13.654,10.4
1984/8/15,0.002881844,0.009954174,5.494412533,12.891,10.71
1984/9/15,0.002873563,0.009074792,12.73757009,12.736,10.22
1984/10/15,0.003820439,-0.000625354,3.424098872,12.554,8.99
1984/11/15,0.00190295,0.006555423,6.283409063,11.953,8.42
1984/12/15,0.001899335,0.009680284,1.911773837,11.578,7.84
1985/1/15,0.001895735,0.003987451,7.294654219,11.574,8.02
1985/2/15,0.005676443,0.005606985,11.12057163,11.397,8.46
1985/3/15,0.004703669,0.008102222,6.815155349,11.654,8.15
1985/4/15,0.001872659,-5.76E-05,3.250306173,11.512,7.83
1985/5/15,0.001869159,0.00360106,2.860176532,11.253,7.17
1985/6/15,0.002798507,0.006056779,10.32892471,10.465,6.83
1985/7/15,0.001860465,0.004023054,5.772721318,10.554,7.25
1985/8/15,0.00185701,0.003182813,3.973705763,10.759,7.37
1985/9/15,0.001853568,0.006288774,2.428537817,10.351,7.26
1985/10/15,0.003700278,0.006502829,2.462707417,10.355,7.41
1985/11/15,0.004608295,0.004950495,7.740571135,10.157,7.39
1985/12/15,0.004587156,0.009490412,8.702454968,9.608,7.26
1986/1/15,0.003652968,0.002894795,9.217585553,9.198,7.16
1986/2/15,-0.001819836,0.004920692,5.038458917,9.198,7.24
1986/3/15,-0.005469462,0.007249152,8.966141335,8.365,6.54
1986/4/15,-0.003666361,0.001412238,7.761951025,8.029,6.27
1986/5/15,0.00275989,0.003254414,3.468505571,8.073,6.28
1986/6/15,0.003669725,0.004352175,7.541394795,7.867,6.12
1986/7/15,0.000914077,0.005409915,6.106676461,7.366,5.96
1986/8/15,0.000913242,0.003747825,-3.296540232,7.352,5.32
1986/9/15,0.003649635,0.004613949,10.94102294,7.149,5.33
1986/10/15,0.001818182,0.002495487,-4.062430712,7.382,5.34
1986/11/15,0.001814882,0.003919284,8.64260274,7.32,5.53
1986/12/15,0.003623188,0.005486679,4.722213181,7.21,5.84
1987/1/15,0.005415162,0.003935149,0.74750251,7.236,5.74
1987/2/15,0.003590664,0.006950977,17.23534542,7.232,5.6
1987/3/15,0.003577818,0.005138319,5.399325375,7.202,5.79
1987/4/15,0.004456328,0.003098213,6.298021201,7.41,5.66
1987/5/15,0.002661934,0.008596726,1.558840932,7.817,5.81
1987/6/15,0.004424779,0.002832644,3.674934903,8.471,5.89
1987/7/15,0.002643172,0.005903759,7.463341269,8.421,6.06
1987/8/15,0.004393673,0.009208429,7.699339143,8.668,6.48
1987/9/15,0.003499563,0.004161131,4.625815726,8.88,6.81
1987/10/15,0.002615519,0.009510971,3.985213358,9.225,5.18
1987/11/15,0.003478261,0.006355094,-18.28783979,8.829,5.39
1987/12/15,0.001733102,0.012777355,-5.296412512,8.947,5.85
1988/1/15,0.003460208,0.002280612,10.28,8.869,5.81
1988/2/15,0.001724138,0.005422285,6.901628622,8.523,5.78
1988/3/15,0.002581756,0.005585651,8.325721455,8.138,5.89
1988/4/15,0.006008584,0.007182704,0.592718359,8.366,6.17
1988/5/15,0.002559727,0.00370837,4.761326046,8.553,6.62
1988/6/15,0.004255319,0.007602492,5.631309069,9.005,6.75
1988/7/15,0.004237288,0.009284505,5.518582999,8.87,7.17
1988/8/15,0.004219409,0.005542747,3.788216204,9.034,7.54
1988/9/15,0.004201681,0.006369132,-1.231657176,9.25,7.49
1988/10/15,0.00334728,0.008906379,8.723545578,9.011,7.61
1988/11/15,0.003336113,0.002760099,6.439980102,8.913,8.09
1988/12/15,0.003325021,0.008826206,1.385667598,8.953,8.39
1989/1/15,0.004142502,0.014634256,5.589336489,9.03,8.68
1989/2/15,0.00330033,0.006467098,10.47465073,8.934,9.02
1989/3/15,0.004934211,0.008986928,0.320748595,9.167,9.2
1989/4/15,0.007364975,0.002779298,6.862210651,9.073,8.7
1989/5/15,0.004874086,-0.000720178,7.805016701,9.024,8.93
1989/6/15,0.00323363,0.004979362,7.536961698,8.822,8.26
1989/7/15,0.003223207,0.005845666,2.588989036,8.531,8.05
1989/8/15,0,0.002290109,10.90098236,8.355,8.17
1989/9/15,0.002409639,0.004742197,6.053272727,8.095,8.14
1989/10/15,0.004807692,0.00834549,2.381473723,8.15,8.04
1989/11/15,0.003987241,0.00325525,0.533993502,7.938,7.85
1989/12/15,0.003177125,0.003732451,5.983774912,7.839,7.85
1990/1/15,0.009501188,0.010437355,4.01000656,7.903,8
1990/2/15,0.003921569,0.007590331,-3.503780419,8.165,8.05
1990/3/15,0.0046875,0.004129745,4.631374738,8.548,8.05
1990/4/15,0.002332815,0.008060183,5.181188315,8.58,8.05
1990/5/15,0.00155159,0.000143513,1.525659876,8.82,8.01
1990/6/15,0.006196747,0.006662157,12.43323552,8.636,8
1990/7/15,0.004618938,0.005722082,2.153194184,8.62,7.73
1990/8/15,0.008429119,0.000587175,2.091904656,8.541,7.62
1990/9/15,0.006838906,0.005949249,-5.710927093,8.808,7.37
1990/10/15,0.006792453,-0.002393788,1.28764881,8.731,7.36
1990/11/15,0.002248876,0.001189684,1.225235283,8.645,7.25
1990/12/15,0.003739716,0.005820511,9.113155495,8.338,6.63
1991/1/15,0.003725782,-0.003504135,5.388306078,8.262,6.38
1991/2/15,0.00074239,0.001326207,7.235288595,8.173,6.2
1991/3/15,0,0.001685664,11.03300394,7.946,5.91
1991/4/15,0.002225519,0.005248818,3.254039733,7.906,5.7
1991/5/15,0.003700962,0.004045598,5.341222731,7.908,5.68
1991/6/15,0.002949853,0.006927215,4.913177575,8.071,5.69
1991/7/15,0.001470588,-0.000729351,0.33700201,8.14,5.69
1991/8/15,0.002936858,0.003905865,5.294377646,8.088,5.48
1991/9/15,0.002928258,0.006602346,4.956621203,7.843,5.26
1991/10/15,0.001459854,0.003279521,1.264499911,7.648,4.95
1991/11/15,0.004373178,0.004183286,3.384707091,7.662,4.47
1991/12/15,0.002902758,0.011180004,0.364990289,7.405,3.95
1992/1/15,0.000723589,0.006879108,11.99762979,7.094,3.94
1992/2/15,0.002169197,0.008012028,0.887441559,7.423,4.02
1992/3/15,0.003607504,0.004247928,3.413012478,7.435,4.15
1992/4/15,0.002156722,0.006617536,0.767031155,7.472,3.79
1992/5/15,0.00215208,0.006704766,4.803286495,7.521,3.8
1992/6/15,0.002863278,0.006010797,3.866279543,7.44,3.65
1992/7/15,0.002855103,0.002378889,1.690809969,7.293,3.25
1992/8/15,0.002135231,0.005151225,5.627275722,7.103,3.23
1992/9/15,0.002130682,-0.002562413,0.638096403,6.46,2.74
1992/10/15,0.004252303,-0.001339548,2.822875718,6.304,3.02
1992/11/15,0.002822865,0.003197178,4.26180283,6.602,3.34
1992/12/15,0.00140746,0.038152279,4.529467771,6.628,3.15
1993/1/15,0.003513703,-0.022565279,3.764435675,6.518,2.97
1993/2/15,0.00210084,0.005090161,4.092966193,6.367,3
1993/3/15,0.001397624,-0.000682434,2.454750972,6.107,2.96
1993/4/15,0.003489184,0.009740318,4.405523178,6.158,2.95
1993/5/15,0.002781641,0.002616264,0.838938485,6.114,3.13
1993/6/15,0.000693481,-0.001082827,5.079723817,6.163,3.1
1993/7/15,0.001386001,0.004798038,1.490131767,6.044,3.11
1993/8/15,0.002076125,0.003855473,2.781659169,6.066,3.08
1993/9/15,0.001381215,-0.001021828,5.367926247,5.622,2.98
1993/10/15,0.004137931,-0.001499039,2.098402245,5.571,3.09
1993/11/15,0.002747253,0.004486206,4.163078107,5.66,3.14
1993/12/15,0.002054795,0.034938107,0.963014283,5.766,3.01
1994/1/15,0,-0.019334341,3.268581264,5.81,3.03
1994/2/15,0.002734108,0.003620866,5.476579581,5.739,3.44
1994/3/15,0.002726653,0.00554117,-0.655005629,6.053,3.57
1994/4/15,0.00067981,0.010626427,-1.379894927,6.269,3.96
1994/5/15,0.002038043,0.004042806,4.246399264,6.412,4.28
1994/6/15,0.002711864,0.000609055,3.617615116,7.18,4.23
1994/7/15,0.003380663,0.005055458,0.182349059,7.291,4.37
1994/8/15,0.004043127,0.003768316,5.939139399,7.185,4.68
1994/9/15,0.002013423,0.005363099,5.187686818,7.214,4.79
1994/10/15,0.000669792,0.010418924,0.214377708,7.455,5.16
1994/11/15,0.002677376,0.001567346,4.056701607,7.582,5.74
1994/12/15,0.00200267,0.005386529,-1.442930703,7.897,5.7
1995/1/15,0.00266489,0.007504014,4.98553328,7.853,6
1995/2/15,0.002657807,0.004098094,5.053411065,7.759,5.94
1995/3/15,0.001988072,0.004275719,5.791921769,7.357,5.88
1995/4/15,0.003968254,0.003402787,5.805735612,7.313,5.88
1995/5/15,0.001976285,0.002121538,4.902850453,7.284,5.83
1995/6/15,0.001972387,0.004586935,6.099353634,6.355,5.66
1995/7/15,0.001312336,0.004565991,4.849251157,6.363,5.58
1995/8/15,0.001965924,0.003591691,4.553955291,6.496,5.45
1995/9/15,0.001308044,0.004592313,3.020482453,6.369,5.42
1995/10/15,0.002612671,0.004098425,5.371112372,6.336,5.51
1995/11/15,0.001302932,0.003343852,2.609760022,6.254,5.53
1995/12/15,0.001301236,0.003629991,6.015792681,5.802,5.08
1996/1/15,0.005198181,0.005846221,3.574513164,5.746,5.05
1996/2/15,0.001939237,0.009919559,5.697883201,5.762,5.01
1996/3/15,0.003225806,0.006599242,2.965664881,5.78,5.15
1996/4/15,0.003858521,0.005839394,3.482581591,5.915,5.15
1996/5/15,0.001921845,0.006229916,2.160023098,6.077,5.17
1996/6/15,0.001918159,0.006658331,3.991283266,6.871,5.16
1996/7/15,0.001914486,0.00013468,3.208133237,6.805,5.32
1996/8/15,0.001273885,0.00415956,-1.75612298,6.825,5.29
1996/9/15,0.003180662,0.005677077,2.383067598,6.974,5.04
1996/10/15,0.003170577,0.003200332,7.648737557,6.825,5.15
1996/11/15,0.003160556,0.004991951,4.051827945,6.438,5.13
1996/12/15,0.002520479,0.005172895,9.291030166,6.297,5.15
1997/1/15,0.001885607,0.00751473,-0.241043671,6.462,5.15
1997/2/15,0.001882058,0.005485177,7.968656209,6.476,5.22
1997/3/15,0.000626174,0.005772755,2.840590164,6.396,5.34
1997/4/15,0.000625782,0.001635792,-2.645043568,6.545,5.24
1997/5/15,0,0.0040255,6.889530304,6.452,4.95
1997/6/15,0.001876173,0.004808378,7.659756177,6.64,5.17
1997/7/15,0.001248439,0.005310765,6.867895931,6.539,5.24
1997/8/15,0.002493766,0.006596325,7.787206604,6.426,5.23
1997/9/15,0.002487562,0.005444544,-3.443046857,6.22,5.11
1997/10/15,0.001861042,0.006350137,7.719217984,6.083,5.2
1997/11/15,0.00123839,0.007058954,-0.188633885,6.023,5.23
1997/12/15,0.000618429,0.005770078,5.281542189,6.005,5.35
1998/1/15,0.001236094,0.009584446,1.043745461,5.957,5.18
1998/2/15,0,0.00638774,4.617972651,5.881,5.33
1998/3/15,0,0.006320244,6.027110869,5.589,5.16
1998/4/15,0.001234568,0.005102109,7.089781426,5.545,4.98
1998/5/15,0.002466091,0.0059822,2.489590308,5.566,5.02
1998/6/15,0.001230012,0.004979803,-1.307966102,5.583,5.1
1998/7/15,0.002457002,0.004322558,6.577823608,5.544,5.08
1998/8/15,0.00122549,0.005261846,-1.794807411,5.552,4.89
1998/9/15,0.000611995,0.003028325,-9.103494301,5.388,4.36
1998/10/15,0.002446483,0.004281513,0.748456541,5.098,4.33
1998/11/15,0.001220256,0.004872297,14.0737621,5.275,4.54
1998/12/15,0.001828154,0.003327015,7.038679381,4.716,4.47
1999/1/15,0.001824818,0.004215667,5.85039548,4.712,4.47
1999/2/15,0,0.00371162,4.770765683,4.749,4.7
1999/3/15,0.000607165,0.002103975,-1.643951296,4.989,4.5
1999/4/15,0.006674757,0.002964829,5.856355164,4.946,4.55
1999/5/15,0.000602773,0.003032187,5.868128498,4.977,4.66
1999/6/15,0,0.003870478,-3.246567476,5.612,4.78
1999/7/15,0.004216867,0.004485548,7.828808586,5.643,4.75
1999/8/15,0.00239952,0.006409774,-2.631392654,5.672,4.93
1999/9/15,0.004189108,0.003452445,1.417401077,5.993,4.86
1999/10/15,0.001787843,0.008197739,-2.385654549,5.996,5.13
1999/11/15,0.001784652,0.008266601,6.738890249,6.023,5.32
1999/12/15,0.002375297,0.011009152,4.359803267,6.091,5.22
2000/1/15,0.002962085,0.013391023,5.213842544,6.25,5.68
2000/2/15,0.004134672,0.007298748,-2.016910983,6.272,5.8
2000/3/15,0.005882353,0.006914352,-0.985132834,6.446,5.88
2000/4/15,-0.000584795,0.003680361,10.25235203,6.263,5.81
2000/5/15,0.001755413,0.004041753,-1.414697969,6.392,5.64
2000/6/15,0.005841121,0.005729021,-0.2240252,6.363,5.87
2000/7/15,0.0029036,0.007691861,2.520829439,6.267,6.2
2000/8/15,0,0.004616731,-1.019444996,6.271,6.3
2000/9/15,0.005211349,0.004263171,6.798557124,5.721,6.21
2000/10/15,0.001728111,0.002864283,-4.43902602,5.781,6.37
2000/11/15,0.001725129,0.0010241,0.084902766,5.745,6.21
2000/12/15,0.002296211,0.002910017,-6.237677207,5.653,5.89
2001/1/15,0.005727377,0.011379607,1.573963261,5.484,4.99
2001/2/15,0.002277904,0.004482697,5.168690884,5.471,4.84
2001/3/15,0.000568182,0.003782131,-8.378168071,4.948,4.29
2001/4/15,0.001703578,-0.000133376,-6.322701836,4.988,3.89
2001/5/15,0.005102041,6.67E-05,11.76213602,5.114,3.55
2001/6/15,0.002256063,0.000533541,0.784392154,5.143,3.62
2001/7/15,-0.001688239,-0.000177752,-0.640576677,5.129,3.54
2001/8/15,0,-0.000688912,-0.390264573,5.028,3.37
2001/9/15,0.003945885,-0.001623395,-5.392593817,4.931,2.37
2001/10/15,-0.002807412,0.003352304,-6.873175427,4.827,2.05
2001/11/15,-0.000563063,0.000754801,5.825922681,4.708,1.78
2001/12/15,-0.00056338,0.000998248,5.604702518,4.893,1.73
2002/1/15,0.001691094,0.002548533,2.978991946,5.016,1.76
2002/2/15,0.001688239,0.001094189,-0.854198314,4.995,1.77
2002/3/15,0.002808989,0.001104033,2.243680271,4.914,1.79
2002/4/15,0.004481793,0.005304542,2.674140381,5.088,1.75
2002/5/15,0.001115449,0.002248843,-3.790113733,4.942,1.73
2002/6/15,0.000557103,0.003425895,-2.683684811,4.937,1.67
2002/7/15,0.002227171,-0.00086173,-5.281435984,4.854,1.68
2002/8/15,0.002777778,0.001331921,-6.880830537,4.703,1.64
2002/9/15,0.00166205,0.002006127,5.290516583,4.293,1.6
2002/10/15,0.002212389,0.003122858,-5.570479439,4.146,1.47
2002/11/15,0.001655629,0.002570778,8.016560248,4.24,1.23
2002/12/15,0.001652893,0.002953682,5.426025573,4.073,1.19
2003/1/15,0.00440044,0.000679612,-4.024279691,3.945,1.15
2003/2/15,0.005476451,0.001520003,-0.326362438,3.997,1.18
2003/3/15,0.001633987,0.005058986,-1.025175749,3.813,1.09
2003/4/15,-0.003806417,0.003255724,4.725375714,3.861,1.12
2003/5/15,-0.001637555,0.006607741,8.535159817,3.87,1.08
2003/6/15,0.001093494,0.005164533,7.24312234,3.566,0.84
2003/7/15,0.003276898,0.003418298,3.294281282,3.604,0.95
2003/8/15,0.004354927,0.004279346,1.579094389,3.866,0.96
2003/9/15,0.003252033,0.004166885,4.592422078,4.32,0.93
2003/10/15,-0.001080497,0.003899367,2.752886777,4.143,0.93
2003/11/15,0.000540833,0.007913841,5.696992595,4.29,0.91
2003/12/15,0.002702703,0.003328216,2.728138845,4.3,0.91
2004/1/15,0.004312668,0.003050158,5.546103988,4.255,0.9
2004/2/15,0.002147075,0.003880453,3.719071876,4.218,0.93
2004/3/15,0.002142475,0.004956756,3.433370858,3.998,0.93
2004/4/15,0.001603421,0.004881564,-0.41802969,3.968,0.96
2004/5/15,0.004268943,0.008857244,0.403374935,4.164,1.06
2004/6/15,0.003719447,0.003734033,2.041994022,4.733,1.3
2004/7/15,0.001058761,0.004368424,2.380331787,4.682,1.41
2004/8/15,0.000528821,0.004726771,-0.217075841,4.642,1.59
2004/9/15,0.003171247,0.00278714,1.705840668,4.208,1.68
2004/10/15,0.005268704,0.004977282,4.053931513,4.23,1.87
2004/11/15,0.004716981,0.001480886,1.712505524,4.197,2.19
2004/12/15,0,0.03423524,7.123411027,4.294,2.18
2005/1/15,-0.000521648,-0.023463021,2.648965057,4.239,2.48
2005/2/15,0.004175365,0.003771755,0.725993611,4.212,2.72
2005/3/15,0.003638254,0.00596963,3.535581255,4.123,2.73
2005/4/15,0.003107198,0.005290853,-1.26729761,4.149,2.84
2005/5/15,-0.000516262,0.005196145,0.962631382,4.063,2.93
2005/6/15,0.000516529,0.003990992,5.281332002,4.053,3.06
2005/7/15,0.006195147,0.007060583,1.208731982,4.097,3.34
2005/8/15,0.006157004,0.00578931,5.225036,4.19,3.44
2005/9/15,0.013768485,0.004952392,0.716145627,4.171,3.47
2005/10/15,0.001509054,0.00661094,2.248307288,4.296,3.89
2005/11/15,-0.005022602,0.004812488,-0.081577403,4.362,3.86
2005/12/15,0,0.005681139,6.947327813,4.508,3.99
2006/1/15,0.006057547,0.019625408,0.544800462,4.463,4.37
2006/2/15,0.000501756,0.00554928,4.567344688,4.523,4.51
2006/3/15,0.001504514,0.004145678,2.524621743,4.532,4.52
2006/4/15,0.005007511,0.003702388,2.338813234,4.635,4.65
2006/5/15,0.002989537,0.001264961,2.418650265,4.728,4.74
2006/6/15,0.002483855,0.00447036,0.427496993,5.119,4.87
2006/7/15,0.005450942,0.002902477,1.500665236,5.136,4.97
2006/8/15,0.004435683,0.002911617,1.195888735,5.07,4.92
2006/9/15,-0.004906771,0.004249812,5.034407831,4.819,4.77
2006/10/15,-0.00443787,0.003787747,3.409187268,4.779,4.95
2006/11/15,0.000495295,0.004866454,4.560888742,4.758,4.9
2006/12/15,0.005445545,0.007872928,3.892866553,4.553,4.89
2007/1/15,0.001659281,0.005670138,3.335775429,4.656,4.99
2007/2/15,0.003878351,0.00677943,3.728811958,4.702,5.01
2007/3/15,0.005200121,0.006860672,-1.087937397,4.6,4.9
2007/4/15,0.003000662,0.00196604,3.383692781,4.632,4.79
2007/5/15,0.004132994,0.002381452,6.144702187,4.632,4.6
2007/6/15,0.002316752,0.001288282,5.126749647,4.665,4.68
2007/7/15,0.001780596,0.003525687,0.679332179,4.68,4.82
2007/8/15,0.000308281,0.001323731,-1.648954937,4.594,3.91
2007/9/15,0.004237553,0.006501821,2.438053227,4.673,3.72
2007/10/15,0.003083238,0.001313442,6.775257498,4.678,3.84
2007/11/15,0.007858884,0.004421895,-0.634457121,4.608,3.08
2007/12/15,0.002898015,0.006841833,-0.47789743,4.129,3.29
2008/1/15,0.003447705,0.004503035,1.673584303,4.177,1.92
2008/2/15,0.002417827,0.003963098,-2.956799469,4.035,1.81
2008/3/15,0.003578028,0.005411571,-2.4621658,3.51,1.36
2008/4/15,0.002314381,-0.000981552,4.967361455,3.514,1.41
2008/5/15,0.005917492,0.04612188,4.858018654,3.572,1.85
2008/6/15,0.010478235,-0.017944849,0.360490442,3.906,1.87
2008/7/15,0.007141445,-0.011640942,-5.041572597,3.914,1.65
2008/8/15,-0.001488476,-0.008851382,0.335469021,3.899,1.69
2008/9/15,0.000855092,0.000592161,4.006861963,3.94,0.9
2008/10/15,-0.008598437,-0.00168746,-7.04229438,3.924,0.44
2008/11/15,-0.017705477,-0.006056285,-13.94432691,3.971,0.01
2008/12/15,-0.008233522,-0.011058006,-12.20244334,3.442,0.11
2009/1/15,0.002530771,-0.010073268,13.66392227,3.313,0.24
2009/2/15,0.003642661,-0.008735027,-5.514447827,3.447,0.26
2009/3/15,-0.000987283,-0.003313843,-11.6274026,2.791,0.21
2009/4/15,0.001007083,0.003066539,18.68299849,2.728,0.14
2009/5/15,0.001471494,0.015294127,10.77154707,2.851,0.14
2009/6/15,0.008299612,-0.010211596,9.837123712,3.285,0.19
2009/7/15,-0.000297965,-0.003505117,0.247604018,3.238,0.18
2009/8/15,0.003348453,0.000306947,10.72847866,3.262,0.15
2009/9/15,0.001930887,0.002745088,1.682204003,3.547,0.14
2009/10/15,0.003001932,-0.000818791,5.257247004,3.495,0.05
2009/11/15,0.003348591,0.004643617,3.305232801,3.564,0.06
2009/12/15,0.000520176,0.003814718,8.266710647,3.351,0.06
2010/1/15,0.000648732,0.004300899,2.492740111,3.506,0.08
2010/2/15,-0.000951777,-0.001847024,-0.333558425,3.453,0.13
2010/3/15,0.000331368,0.003438874,4.384836897,3.62,0.16
2010/4/15,0.000230041,0.007302963,7.451954899,3.7,0.16
2010/5/15,-0.000519772,0.00759024,3.900759698,3.643,0.16
2010/6/15,-0.000418795,0.001463199,-8.851892769,3.434,0.18
2010/7/15,0.001869254,0.003299429,-1.847781379,3.343,0.15
2010/8/15,0.001461363,0.005232921,11.60661436,3.349,0.14
2010/9/15,0.001615249,0.000589022,-1.937572522,2.614,0.16
2010/10/15,0.003481846,0.005242391,8.124842218,2.6,0.12
2010/11/15,0.002533842,0.004732323,5.277400893,2.62,0.17
2010/12/15,0.004016576,0.009459449,3.761337915,2.704,0.12
2011/1/15,0.003243042,0.015815674,7.2957364,2.792,0.15
2011/2/15,0.003214475,0.005491931,4.618463129,2.815,0.15
2011/3/15,0.005173548,0.002490337,1.75363952,3.562,0.09
2011/4/15,0.004694099,0.001882163,3.866432754,3.573,0.04
2011/5/15,0.003181715,0.002829349,4.062247356,3.525,0.06
2011/6/15,0,0.005028403,-1.438542043,3.083,0.03
2011/7/15,0.002620037,0.006459695,3.870920087,3.145,0.1
2011/8/15,0.003154462,0.001642048,-1.876043951,3.026,0.02
2011/9/15,0.002171548,-0.000973134,-4.202109345,2.129,0.02
2011/10/15,0.000675208,0.001026532,-6.283664336,2.062,0.01
2011/11/15,0.00184785,0.000269469,13.06030849,2.102,0.01
2011/12/15,0.000237708,0.008171695,4.358781233,2.021,0.02
2012/1/15,0.002803413,0.007029186,3.256136046,1.978,0.06
2012/2/15,0.002268937,0.007967804,7.407054707,1.973,0.08
2012/3/15,0.002263801,0.005089505,5.856178356,2.007,0.07
2012/4/15,0.001712583,0.004096095,5.301255886,2.035,0.1
2012/5/15,-0.00245981,0.000289832,1.16838426,1.993,0.07
2012/6/15,-0.000944378,0.002245547,-6.749357101,1.705,0.09
2012/7/15,-0.000135664,-0.001973099,9.034073738,1.723,0.11
2012/8/15,0.005991903,0.002071143,2.985231013,1.717,0.09
2012/9/15,0.004972938,0.00851316,4.536312666,1.614,0.1
2012/10/15,0.002891938,0.008656271,4.915189751,1.625,0.11
2012/11/15,-0.00162742,0.012482239,1.050036899,1.639,0.08
2012/12/15,-2.59E-05,0.026046016,1.020027529,1.626,0.05
2013/1/15,0.001595524,-0.051590314,3.476979411,1.645,0.07
2013/2/15,0.005888422,0.003598082,8.288766644,1.683,0.11
2013/3/15,-0.002969893,0.000524486,2.552414732,1.974,0.07
2013/4/15,-0.001967174,0.000854535,5.06619286,1.972,0.05
2013/5/15,0.000168208,0.006521926,3.504197559,1.936,0.04
2013/6/15,0.001992281,0.004056029,5.776932457,1.812,0.04
2013/7/15,0.001687059,-0.000404674,0.63795845,1.87,0.04
2013/8/15,0.002148237,0.004098099,7.771162629,1.909,0.03
2013/9/15,0.001684895,0.00364282,-2.139562298,2.555,0.02
2013/10/15,0.000671968,-0.000888018,5.928600097,2.532,0.04
2013/11/15,0.00175792,0.004761468,5.991563422,2.526,0.06
2013/12/15,0.002719781,0.00351732,4.248605163,2.762,0.07
2014/1/15,0.002508016,0.00677212,4.615348992,2.811,0.02
2014/2/15,0.000785776,0.006406916,-3.630241511,2.713,0.05
2014/3/15,0.001171373,0.007256834,8.011340842,2.716,0.05
2014/4/15,0.002535005,0.003735947,4.165786599,2.752,0.03
2014/5/15,0.001302353,0.004855728,1.962414188,2.716,0.04
2014/6/15,0.000899482,0.005742986,4.2319859,2.507,0.04
2014/7/15,0.001025247,0.004115393,4.511727455,2.514,0.03
2014/8/15,-0.000404621,0.005303183,-0.381063791,2.501,0.03
2014/9/15,0.001463129,0.003199936,6.063060021,2.369,0.02
2014/10/15,0.000593659,0.005091555,-0.785688165,2.381,0.01
2014/11/15,-0.001641062,0.003771105,5.691608912,2.369,0.02
2014/12/15,-0.00335917,0.001276565,3.745775767,2.244,0.04
2015/1/15,-0.00638575,0.000383142,2.275895278,2.234,0.02
2015/2/15,0.001962086,0.003281871,0.201925786,2.139,0.02
2015/3/15,0.001886031,0.001777076,6.757197714,2.016,0.03
2015/4/15,0.00143306,0.00683289,-0.695053013,1.975,0.01
2015/5/15,0.002874719,0.00569676,4.399578383,2.02,0.01
2015/6/15,0.002309225,0.003724419,2.213165409,2.136,0.01
2015/7/15,0.001309898,0.003115869,0.465265777,2.183,0.08
2015/8/15,-0.000130398,0.002977303,3.072577331,2.13,0.08
2015/9/15,-0.000900283,0.001529209,-6.489146251,2.029,-0.01
2015/10/15,0.001936932,0.003862094,2.810939468,2.008,0.08
2015/11/15,0.001483511,0.002409315,11.47834007,2.031,0.22
2015/12/15,-0.001095249,0.003340708,2.05251111,2.229,0.16
2016/1/15,0.000277263,0.000209688,-0.591266176,2.254,0.32
2016/2/15,-0.001679917,-0.001143511,-2.815610047,2.195,0.33
2016/3/15,0.000896061,0.002677606,4.269405068,1.657,0.21
2016/4/15,0.004077001,0.003907365,6.93316956,1.65,0.22
2016/5/15,0.002176734,0.001705978,2.587313946,1.661,0.34
2016/6/15,0.002159475,0.001848149,3.019985683,1.658,0.26
